model,group,mean_abs_points,share_of_attribution,share_of_attribution_p5,share_of_attribution_p50,share_of_attribution_p95,share_of_daily_moves_p5,share_of_daily_moves_p50,share_of_daily_moves_p95,share_of_daily_moves,share_of_moves_10pt_plus,top_driver_freq,n_moves,n_moves_10pt_plus,per_cycle_corr
formula,HRV,12.3179,0.4845,0.4209,0.4714,0.4969,0.3545,0.3993,0.4197,0.4044,0.4673,0.6517,402,246,0.9726
formula,Sleep amount vs need,5.8328,0.2294,0.1929,0.2209,0.2362,0.1975,0.2268,0.2436,0.2418,0.2381,0.3035,402,246,0.8646
formula,Sleep stages,2.2834,0.0898,0.077,0.0999,0.1168,0.0889,0.1091,0.1276,0.1057,0.096,0.0274,402,246,0.7113
formula,Resting HR,1.2604,0.0496,0.0358,0.0529,0.0681,0.0393,0.0584,0.0716,0.0556,0.0491,0.01,402,246,0.6941
formula,Skin temp,0.7524,0.0296,0.0187,0.029,0.0371,0.009,0.0244,0.0349,0.0264,0.021,0.0025,402,246,0.6743
formula,Prior load,0.6487,0.0255,0.0213,0.0283,0.0449,0.0352,0.0461,0.0692,0.0421,0.0328,0.0025,402,246,0.3596
formula,Day of week,0.6233,0.0245,0.0201,0.0312,0.0389,0.0386,0.0569,0.0677,0.0461,0.0361,0.0,402,246,-0.0582
formula,Sleep quality,0.5437,0.0214,0.0093,0.0247,0.0326,0.0158,0.0385,0.0506,0.0361,0.0285,0.0,402,246,0.3249
formula,Sleep consistency,0.4926,0.0194,0.0115,0.0181,0.0311,0.011,0.0178,0.0297,0.0202,0.015,0.0025,402,246,0.701
formula,Respiratory rate,0.3688,0.0145,0.0082,0.0146,0.0231,0.0022,0.0088,0.0219,0.0054,0.0042,0.0,402,246,-0.0896
formula,SpO2,0.3001,0.0118,0.0045,0.012,0.0281,0.0058,0.0149,0.0327,0.0162,0.0118,0.0,402,246,0.6254
xgboost,HRV,12.3362,0.4978,0.4548,0.4686,0.4848,0.4326,0.4491,0.4641,0.4583,0.5409,0.6716,402,255,0.9726
xgboost,Sleep amount vs need,7.2803,0.2938,0.2901,0.3103,0.3288,0.1977,0.2153,0.2296,0.2225,0.2309,0.2662,402,255,0.8646
xgboost,Sleep stages,1.0097,0.0407,0.0355,0.0437,0.0581,0.0526,0.0613,0.0752,0.0565,0.0432,0.0199,402,255,0.7113
xgboost,Skin temp,0.9598,0.0387,0.0311,0.0369,0.0477,0.0431,0.0502,0.061,0.0513,0.036,0.0174,402,255,0.6743
xgboost,Resting HR,0.814,0.0329,0.0119,0.0293,0.0446,0.02,0.0396,0.0521,0.0443,0.0379,0.0075,402,255,0.6941
xgboost,Respiratory rate,0.587,0.0237,0.0173,0.0223,0.0386,0.0303,0.0372,0.0539,0.0392,0.028,0.005,402,255,-0.0896
xgboost,Sleep quality,0.5764,0.0233,0.0215,0.0303,0.0389,0.0368,0.0469,0.0566,0.0373,0.0265,0.0,402,255,0.3249
xgboost,SpO2,0.4383,0.0177,0.0086,0.017,0.0266,0.0171,0.0244,0.0333,0.0264,0.016,0.01,402,255,0.6254
xgboost,Prior load,0.4043,0.0163,0.0123,0.022,0.0288,0.0256,0.044,0.0558,0.0335,0.0218,0.0025,402,255,0.3596
xgboost,Sleep consistency,0.2103,0.0085,0.0061,0.0109,0.0198,0.0106,0.0169,0.0278,0.0129,0.008,0.0,402,255,0.701
xgboost,Day of week,0.1628,0.0066,0.0033,0.0049,0.0087,0.0077,0.0125,0.0219,0.0178,0.0109,0.0,402,255,-0.0582
