fold,model,n_train,n_val,mae,r2
0,naive_mean,157,40,17.67,-0.002
0,naive_previous,157,40,21.65,-0.595
0,ridge__set_b_full,157,40,7.564,0.717
0,logit_ridge__set_b_full,157,40,6.828,0.715
0,xgboost__set_b_full,157,40,6.188,0.86
0,ridge__hrv_only,157,40,11.141,0.288
0,logit_ridge__hrv_only,157,40,10.205,0.371
0,xgboost__hrv_only,157,40,11.507,0.301
0,ridge__hrv_rhr,157,40,10.682,0.302
0,logit_ridge__hrv_rhr,157,40,10.055,0.387
0,xgboost__hrv_rhr,157,40,9.859,0.367
0,ridge__physiology,157,40,10.464,0.336
0,logit_ridge__physiology,157,40,9.742,0.418
0,xgboost__physiology,157,40,10.709,0.396
0,ridge__set_b_no_hrv,157,40,10.517,0.63
0,logit_ridge__set_b_no_hrv,157,40,9.574,0.662
0,xgboost__set_b_no_hrv,157,40,10.974,0.61
1,naive_mean,197,40,19.7,-0.0
1,naive_previous,197,40,21.15,-0.428
1,ridge__set_b_full,197,40,6.568,0.9
1,logit_ridge__set_b_full,197,40,5.924,0.912
1,xgboost__set_b_full,197,40,5.031,0.922
1,ridge__hrv_only,197,40,8.536,0.784
1,logit_ridge__hrv_only,197,40,7.833,0.832
1,xgboost__hrv_only,197,40,9.554,0.759
1,ridge__hrv_rhr,197,40,8.719,0.775
1,logit_ridge__hrv_rhr,197,40,7.671,0.831
1,xgboost__hrv_rhr,197,40,10.649,0.723
1,ridge__physiology,197,40,9.034,0.766
1,logit_ridge__physiology,197,40,8.189,0.814
1,xgboost__physiology,197,40,9.292,0.772
1,ridge__set_b_no_hrv,197,40,14.498,0.467
1,logit_ridge__set_b_no_hrv,197,40,14.273,0.459
1,xgboost__set_b_no_hrv,197,40,14.123,0.5
2,naive_mean,237,40,19.614,-0.001
2,naive_previous,237,40,21.695,-0.67
2,ridge__set_b_full,237,40,9.16,0.752
2,logit_ridge__set_b_full,237,40,8.52,0.779
2,xgboost__set_b_full,237,40,7.701,0.839
2,ridge__hrv_only,237,40,10.544,0.614
2,logit_ridge__hrv_only,237,40,10.184,0.615
2,xgboost__hrv_only,237,40,11.105,0.52
2,ridge__hrv_rhr,237,40,10.511,0.608
2,logit_ridge__hrv_rhr,237,40,10.299,0.607
2,xgboost__hrv_rhr,237,40,11.124,0.53
2,ridge__physiology,237,40,11.316,0.58
2,logit_ridge__physiology,237,40,11.002,0.577
2,xgboost__physiology,237,40,12.211,0.477
2,ridge__set_b_no_hrv,237,40,13.289,0.532
2,logit_ridge__set_b_no_hrv,237,40,12.565,0.593
2,xgboost__set_b_no_hrv,237,40,12.711,0.591
3,naive_mean,277,40,17.083,-0.035
3,naive_previous,277,40,20.767,-0.912
3,ridge__set_b_full,277,40,7.612,0.784
3,logit_ridge__set_b_full,277,40,7.434,0.795
3,xgboost__set_b_full,277,40,5.548,0.894
3,ridge__hrv_only,277,40,8.606,0.667
3,logit_ridge__hrv_only,277,40,8.184,0.674
3,xgboost__hrv_only,277,40,9.916,0.643
3,ridge__hrv_rhr,277,40,8.566,0.652
3,logit_ridge__hrv_rhr,277,40,8.336,0.66
3,xgboost__hrv_rhr,277,40,10.275,0.639
3,ridge__physiology,277,40,8.425,0.657
3,logit_ridge__physiology,277,40,8.199,0.668
3,xgboost__physiology,277,40,10.464,0.606
3,ridge__set_b_no_hrv,277,40,12.453,0.429
3,logit_ridge__set_b_no_hrv,277,40,12.811,0.429
3,xgboost__set_b_no_hrv,277,40,11.816,0.546
4,naive_mean,317,40,15.896,-0.015
4,naive_previous,317,40,21.47,-0.841
4,ridge__set_b_full,317,40,6.463,0.848
4,logit_ridge__set_b_full,317,40,6.163,0.855
4,xgboost__set_b_full,317,40,6.096,0.877
4,ridge__hrv_only,317,40,9.302,0.661
4,logit_ridge__hrv_only,317,40,9.301,0.659
4,xgboost__hrv_only,317,40,9.599,0.638
4,ridge__hrv_rhr,317,40,9.009,0.681
4,logit_ridge__hrv_rhr,317,40,9.138,0.669
4,xgboost__hrv_rhr,317,40,9.217,0.632
4,ridge__physiology,317,40,8.982,0.686
4,logit_ridge__physiology,317,40,9.072,0.685
4,xgboost__physiology,317,40,9.759,0.639
4,ridge__set_b_no_hrv,317,40,11.433,0.559
4,logit_ridge__set_b_no_hrv,317,40,11.96,0.515
4,xgboost__set_b_no_hrv,317,40,11.333,0.588
