model,mae_mean,mae_std,r2_mean,r2_std
xgboost__set_b_full,6.113,1.002,0.878,0.032
logit_ridge__set_b_full,6.974,1.047,0.811,0.075
ridge__set_b_full,7.473,1.085,0.8,0.074
logit_ridge__hrv_rhr,9.1,1.115,0.631,0.16
logit_ridge__hrv_only,9.142,1.104,0.63,0.167
logit_ridge__physiology,9.241,1.18,0.632,0.147
ridge__hrv_rhr,9.497,1.018,0.604,0.179
ridge__hrv_only,9.626,1.169,0.603,0.187
ridge__physiology,9.644,1.2,0.605,0.165
xgboost__hrv_rhr,10.225,0.732,0.578,0.136
xgboost__hrv_only,10.336,0.907,0.572,0.174
xgboost__physiology,10.487,1.115,0.578,0.146
xgboost__set_b_no_hrv,12.192,1.261,0.567,0.044
logit_ridge__set_b_no_hrv,12.237,1.714,0.531,0.096
ridge__set_b_no_hrv,12.438,1.555,0.524,0.079
naive_mean,17.993,1.648,-0.011,0.015
naive_previous,21.347,0.388,-0.689,0.194
