,logit_units_per_raw_unit
hrv_rmssd_milli,0.013264
hrv_vs_baseline,0.015947
hrv_pct_vs_baseline,0.018838
resting_heart_rate,-0.006954
rhr_vs_baseline,-0.012391
respiratory_rate,-0.086429
resp_rate_vs_baseline,0.072615
skin_temp_celsius,0.058491
skin_temp_vs_baseline,-0.017564
spo2_percentage,0.011854
total_sleep_hours,0.182782
light_sleep_pct,0.005141
deep_sleep_pct,-0.011013
rem_sleep_pct,0.011709
sleep_efficiency_pct,0.003677
disturbances_per_hour,0.076829
sleep_consistency_pct,-0.00179
sleep_need_total_hours,-0.093962
prior_strain,-0.008673
prior_nap_hours,0.01567
dow_0,0.013179
dow_1,-0.04713
dow_2,-0.003003
dow_3,0.012118
dow_4,-0.025806
dow_5,-0.035575
dow_6,0.085542
