input,bin,n,mean_residual,share_flagged
total_sleep_hours,"(0, 4]",28.0,-10.743,0.321
total_sleep_hours,"(4, 5]",31.0,-3.217,0.032
total_sleep_hours,"(5, 6]",37.0,1.909,0.054
total_sleep_hours,"(6, 7]",64.0,3.947,0.0
total_sleep_hours,"(7, 8]",97.0,-0.041,0.0
total_sleep_hours,"(8, 9]",91.0,-1.756,0.033
total_sleep_hours,"(9, 24]",63.0,-4.443,0.032
hrv_pct_vs_baseline,"(-100, -30]",8.0,5.11,0.0
hrv_pct_vs_baseline,"(-30, -15]",40.0,1.46,0.025
hrv_pct_vs_baseline,"(-15, 0]",160.0,-2.947,0.044
hrv_pct_vs_baseline,"(0, 15]",152.0,-0.652,0.039
hrv_pct_vs_baseline,"(15, 30]",41.0,1.682,0.0
hrv_pct_vs_baseline,"(30, 45]",10.0,-11.857,0.3
